{
	"info": {
		"_postman_id": "921e0b29-3d00-4283-8d12-e39f90daaeaf",
		"name": "Web Beadandó",
		"schema": "https://schema.getpostman.com/json/collection/v2.1.0/collection.json"
	},
	"item": [
		{
			"name": "Számítógépek lekérdezése",
			"protocolProfileBehavior": {
				"disableBodyPruning": true
			},
			"request": {
				"method": "GET",
				"header": [],
				"body": {
					"mode": "raw",
					"raw": "",
					"options": {
						"raw": {
							"language": "json"
						}
					}
				},
				"url": {
					"raw": "http://beadando.io/ComputersRest/getComputers",
					"protocol": "http",
					"host": [
						"beadando",
						"io"
					],
					"path": [
						"ComputersRest",
						"getComputers"
					]
				}
			},
			"response": []
		},
		{
			"name": "Adott számítógép lekérdezése",
			"request": {
				"method": "GET",
				"header": [],
				"url": {
					"raw": "http://beadando.io/ComputersRest/getComputer/1",
					"protocol": "http",
					"host": [
						"beadando",
						"io"
					],
					"path": [
						"ComputersRest",
						"getComputer",
						"1"
					]
				}
			},
			"response": []
		},
		{
			"name": "Számítógép hozzáadása",
			"request": {
				"method": "POST",
				"header": [],
				"body": {
					"mode": "raw",
					"raw": "{\r\n    \"hely\": \"2-es iroda\",\r\n    \"tipus\": \"Dell Inspiron 15 5000\",\r\n    \"ipcim\": \"8.8.8.8\"\r\n}",
					"options": {
						"raw": {
							"language": "json"
						}
					}
				},
				"url": {
					"raw": "http://beadando.io/ComputersRest/insertComputer",
					"protocol": "http",
					"host": [
						"beadando",
						"io"
					],
					"path": [
						"ComputersRest",
						"insertComputer"
					]
				}
			},
			"response": []
		},
		{
			"name": "Számítógép módosítása",
			"request": {
				"method": "PUT",
				"header": [],
				"body": {
					"mode": "raw",
					"raw": "{\r\n    \"hely\": \"1-es iroda\",\r\n    \"tipus\": \"Dell Inspiron 15 5000\",\r\n    \"ipcim\": \"0.0.0.0\"\r\n}",
					"options": {
						"raw": {
							"language": "json"
						}
					}
				},
				"url": {
					"raw": "http://beadando.io/ComputersRest/updateComputer/77",
					"protocol": "http",
					"host": [
						"beadando",
						"io"
					],
					"path": [
						"ComputersRest",
						"updateComputer",
						"77"
					]
				}
			},
			"response": []
		},
		{
			"name": "Számítógép törlése",
			"request": {
				"method": "DELETE",
				"header": [],
				"url": {
					"raw": "http://beadando.localhost/ComputersRest/deleteComputer/77",
					"protocol": "http",
					"host": [
						"beadando",
						"localhost"
					],
					"path": [
						"ComputersRest",
						"deleteComputer",
						"77"
					]
				}
			},
			"response": []
		},
		{
			"name": "Helyszínek lekérdezése",
			"request": {
				"method": "GET",
				"header": [],
				"url": {
					"raw": "http://beadando.io/ComputersRest/getLocations",
					"protocol": "http",
					"host": [
						"beadando",
						"io"
					],
					"path": [
						"ComputersRest",
						"getLocations"
					]
				}
			},
			"response": []
		},
		{
			"name": "Szoftverek lekérdezése",
			"request": {
				"method": "GET",
				"header": [],
				"url": {
					"raw": "http://beadando.io/ComputersRest/getSoftwares",
					"protocol": "http",
					"host": [
						"beadando",
						"io"
					],
					"path": [
						"ComputersRest",
						"getSoftwares"
					]
				}
			},
			"response": []
		},
		{
			"name": "Dummy API Felhasználók lekérdezése",
			"request": {
				"method": "GET",
				"header": [
					{
						"key": "app-id",
						"value": "61a510ed2ce5cb82f59fd850",
						"type": "text"
					}
				],
				"url": {
					"raw": "https://dummyapi.io/data/v1/user",
					"protocol": "https",
					"host": [
						"dummyapi",
						"io"
					],
					"path": [
						"data",
						"v1",
						"user"
					]
				}
			},
			"response": []
		},
		{
			"name": "Dummy API Felhasználó lekérdezése",
			"request": {
				"method": "GET",
				"header": [
					{
						"key": "app-id",
						"value": "61a510ed2ce5cb82f59fd850",
						"type": "text"
					}
				],
				"url": {
					"raw": "https://dummyapi.io/data/v1/user/60d0fe4f5311236168a109cd",
					"protocol": "https",
					"host": [
						"dummyapi",
						"io"
					],
					"path": [
						"data",
						"v1",
						"user",
						"60d0fe4f5311236168a109cd"
					]
				}
			},
			"response": []
		},
		{
			"name": "Dummy API Felhasználó létrehozása",
			"request": {
				"method": "POST",
				"header": [
					{
						"key": "app-id",
						"value": "61a510ed2ce5cb82f59fd850",
						"type": "text"
					}
				],
				"body": {
					"mode": "raw",
					"raw": "{\r\n    \"firstName\": \"Elek\",\r\n    \"lastName\": \"Teszt\",\r\n    \"email\": \"teszt@elek.io\"\r\n}",
					"options": {
						"raw": {
							"language": "json"
						}
					}
				},
				"url": {
					"raw": "https://dummyapi.io/data/v1/user/create",
					"protocol": "https",
					"host": [
						"dummyapi",
						"io"
					],
					"path": [
						"data",
						"v1",
						"user",
						"create"
					]
				}
			},
			"response": []
		},
		{
			"name": "Dummy API Felhasználó módosítása",
			"request": {
				"method": "PUT",
				"header": [
					{
						"key": "app-id",
						"value": "61a510ed2ce5cb82f59fd850",
						"type": "text"
					}
				],
				"body": {
					"mode": "raw",
					"raw": "{\r\n    \"firstName\": \"Teszt\",\r\n    \"lastName\": \"Elek\"\r\n}",
					"options": {
						"raw": {
							"language": "json"
						}
					}
				},
				"url": {
					"raw": "https://dummyapi.io/data/v1/user/61a5122937f45031e03aaf05",
					"protocol": "https",
					"host": [
						"dummyapi",
						"io"
					],
					"path": [
						"data",
						"v1",
						"user",
						"61a5122937f45031e03aaf05"
					]
				}
			},
			"response": []
		},
		{
			"name": "Dummy API Felhasználó törlése",
			"request": {
				"method": "DELETE",
				"header": [
					{
						"key": "app-id",
						"value": "61a510ed2ce5cb82f59fd850",
						"type": "text"
					}
				],
				"body": {
					"mode": "raw",
					"raw": "",
					"options": {
						"raw": {
							"language": "json"
						}
					}
				},
				"url": {
					"raw": "https://dummyapi.io/data/v1/user/61a5122937f45031e03aaf05",
					"protocol": "https",
					"host": [
						"dummyapi",
						"io"
					],
					"path": [
						"data",
						"v1",
						"user",
						"61a5122937f45031e03aaf05"
					]
				}
			},
			"response": []
		}
	]
}